-- phpMyAdmin SQL Dump
-- version 4.1.14
-- http://www.phpmyadmin.net
--
-- Client :  127.0.0.1
-- Généré le :  Lun 21 Décembre 2015 à 15:54
-- Version du serveur :  5.6.17
-- Version de PHP :  5.5.12

SET SQL_MODE = "NO_AUTO_VALUE_ON_ZERO";
SET time_zone = "+00:00";


/*!40101 SET @OLD_CHARACTER_SET_CLIENT=@@CHARACTER_SET_CLIENT */;
/*!40101 SET @OLD_CHARACTER_SET_RESULTS=@@CHARACTER_SET_RESULTS */;
/*!40101 SET @OLD_COLLATION_CONNECTION=@@COLLATION_CONNECTION */;
/*!40101 SET NAMES utf8 */;

--
-- Base de données :  `symfonyllm`
--

-- --------------------------------------------------------

--
-- Structure de la table `carnet2voyage__carnets`
--

CREATE TABLE IF NOT EXISTS `carnet2voyage__carnets` (
  `id` int(11) NOT NULL AUTO_INCREMENT,
  `created` datetime NOT NULL,
  `title` varchar(90) COLLATE utf8_unicode_ci NOT NULL,
  `description` varchar(190) COLLATE utf8_unicode_ci DEFAULT NULL,
  `destination` varchar(90) COLLATE utf8_unicode_ci DEFAULT NULL,
  `slug` varchar(50) COLLATE utf8_unicode_ci NOT NULL,
  `contenu` longtext COLLATE utf8_unicode_ci,
  `depart` datetime NOT NULL,
  `actived` tinyint(1) DEFAULT NULL,
  `image_header` varchar(255) COLLATE utf8_unicode_ci DEFAULT '/mySomfony/web/uploads/151c1ec.png',
  `pinterest_link` varchar(255) COLLATE utf8_unicode_ci DEFAULT NULL,
  PRIMARY KEY (`id`),
  UNIQUE KEY `UNIQ_4550ABE9989D9B62` (`slug`)
) ENGINE=InnoDB  DEFAULT CHARSET=utf8 COLLATE=utf8_unicode_ci AUTO_INCREMENT=14 ;

--
-- Contenu de la table `carnet2voyage__carnets`
--

INSERT INTO `carnet2voyage__carnets` (`id`, `created`, `title`, `description`, `destination`, `slug`, `contenu`, `depart`, `actived`, `image_header`, `pinterest_link`) VALUES
(11, '2015-11-30 14:19:52', 'asie 22 jours', 'big voyage', 'Vietnam et Thailande', 'asie-22-jours', '<p>plup !v</p>', '2015-12-09 00:00:00', 1, '/mySomfony/web/uploads/151c1ec.png', NULL),
(12, '2015-12-07 10:39:38', 'honeymoon Indonésie', 'honeymoon', 'honeymoon', 'honeymoon-indonesie', '<p>honeymoon</p>', '2015-12-02 00:00:00', 1, '/uploads/brochures/Jellyfish.jpg.jpeg', NULL),
(13, '2015-12-14 11:06:18', 'week-end venise', 'qqiç(- qsqsq', 'venise !', 'week-end-venise', '<p>q</p>', '2015-12-09 00:00:00', 1, '/mySomfony/web/uploads/151c1ec.png', NULL);

-- --------------------------------------------------------

--
-- Structure de la table `carnet2voyage__generaloption`
--

CREATE TABLE IF NOT EXISTS `carnet2voyage__generaloption` (
  `id` int(11) NOT NULL AUTO_INCREMENT,
  `modified` datetime DEFAULT NULL,
  `footer` longtext COLLATE utf8_unicode_ci,
  PRIMARY KEY (`id`)
) ENGINE=InnoDB DEFAULT CHARSET=utf8 COLLATE=utf8_unicode_ci AUTO_INCREMENT=1 ;

-- --------------------------------------------------------

--
-- Structure de la table `carnet2voyage__generaltexte`
--

CREATE TABLE IF NOT EXISTS `carnet2voyage__generaltexte` (
  `id` int(11) NOT NULL AUTO_INCREMENT,
  `created` datetime NOT NULL,
  `modified` datetime NOT NULL,
  `title` varchar(90) COLLATE utf8_unicode_ci NOT NULL,
  `slug` varchar(90) COLLATE utf8_unicode_ci NOT NULL,
  `contenu` longtext COLLATE utf8_unicode_ci,
  `use_in_menu` tinyint(1) DEFAULT NULL,
  `ordre` int(11) DEFAULT NULL,
  PRIMARY KEY (`id`),
  UNIQUE KEY `UNIQ_C83CABE3989D9B62` (`slug`)
) ENGINE=InnoDB  DEFAULT CHARSET=utf8 COLLATE=utf8_unicode_ci AUTO_INCREMENT=4 ;

--
-- Contenu de la table `carnet2voyage__generaltexte`
--

INSERT INTO `carnet2voyage__generaltexte` (`id`, `created`, `modified`, `title`, `slug`, `contenu`, `use_in_menu`, `ordre`) VALUES
(1, '2015-12-21 13:18:03', '2015-12-21 13:18:03', 'faq', 'faq', '<p>qs</p>', 1, NULL),
(2, '2015-12-21 13:18:44', '2015-12-21 13:18:44', 'autres bbb', 'autres-bbb', NULL, 1, NULL),
(3, '2015-12-21 13:25:36', '2015-12-21 13:25:36', 'nop', 'nop', NULL, 0, NULL);

-- --------------------------------------------------------

--
-- Structure de la table `carnet2voyage__lieux`
--

CREATE TABLE IF NOT EXISTS `carnet2voyage__lieux` (
  `id` int(11) NOT NULL AUTO_INCREMENT,
  `carnet_id` int(11) NOT NULL,
  `created` datetime NOT NULL,
  `ville` varchar(90) COLLATE utf8_unicode_ci NOT NULL,
  `slug` varchar(50) COLLATE utf8_unicode_ci NOT NULL,
  `contenu` longtext COLLATE utf8_unicode_ci,
  `image` varchar(200) COLLATE utf8_unicode_ci DEFAULT NULL,
  `ordre` int(11) DEFAULT NULL,
  `date_arrived` datetime DEFAULT NULL,
  `date_departure` datetime DEFAULT NULL,
  `lat` varchar(255) COLLATE utf8_unicode_ci DEFAULT NULL,
  `lng` varchar(255) COLLATE utf8_unicode_ci DEFAULT NULL,
  `use_in_menu` tinyint(1) DEFAULT NULL,
  `use_in_path` tinyint(1) DEFAULT NULL,
  PRIMARY KEY (`id`),
  UNIQUE KEY `UNIQ_635C6E4F989D9B62` (`slug`),
  KEY `IDX_635C6E4FFA207516` (`carnet_id`)
) ENGINE=InnoDB  DEFAULT CHARSET=utf8 COLLATE=utf8_unicode_ci AUTO_INCREMENT=18 ;

--
-- Contenu de la table `carnet2voyage__lieux`
--

INSERT INTO `carnet2voyage__lieux` (`id`, `carnet_id`, `created`, `ville`, `slug`, `contenu`, `image`, `ordre`, `date_arrived`, `date_departure`, `lat`, `lng`, `use_in_menu`, `use_in_path`) VALUES
(4, 11, '2015-11-30 14:23:50', 'Hanoï, Vietnam', 'hanoi-vietnam', '<p>e</p>', '/uploads/brochures/pulp.jpeg', 2, '2013-01-11 00:00:00', '2013-01-15 00:00:00', '21.0277644', '105.8341598', 1, 1),
(5, 11, '2015-11-30 14:25:45', 'Nha Trang, Khánh Hòa, Vietnam', 'nha-trang-khanh-hoa-vietnam', '<p style="text-align:justify"><a href="http://fr.wikipedia.org/wiki/Nha_Trang" style="margin: 0px; padding: 0px; list-style: none; text-decoration: none;" target="_blank"><strong>Nha Trang</strong></a>&nbsp;est la capitale de la province de Khanh Hoa, au Vi&ecirc;t Nam. C&#39;est une cit&eacute; baln&eacute;aire de plus de 300 000 habitants. Les habitants de la ville s&#39;appellent en fran&ccedil;ais Nhatranais.</p>\r\n\r\n<div class="thumb tleft" style="margin: 0px; padding: 0px; list-style: none; color: rgb(0, 0, 0); font-family: ''Times New Roman''; font-size: medium; line-height: normal; text-align: justify;">&nbsp;</div>\r\n\r\n<p style="text-align:justify">La ville est tr&egrave;s appr&eacute;ci&eacute;e des touristes car elle b&eacute;n&eacute;ficie d&#39;un climat particuli&egrave;rement agr&eacute;able et d&#39;une plage longue de 7 km long&eacute;e par la Tran Phu, la rue principale de la ville.</p>\r\n\r\n<p style="text-align:justify">La baie de Nha Trang, fait partie du Club des Plus Belles Baies du Monde qui regroupe 29 baies, dans 22 pays, r&eacute;unies pour pr&eacute;server leur environnement.</p>\r\n\r\n<p style="text-align:justify">&nbsp;</p>\r\n\r\n<p style="text-align:justify">&nbsp;</p>\r\n\r\n<p style="text-align:justify">D&#39;apr&egrave;s le Petit Fut&eacute;,&nbsp;&quot;<em>Nha Trang connait un essor visible, gr&acirc;ce au d&eacute;veloppement du tourisme. Elle exporte &eacute;galement dans des secteurs comme la p&ecirc;che ou la pisciculture. Les crevettes et les crustac&eacute;s des Nha Trang sont recherch&eacute;s dans tout le Viet Nam. Long&eacute;e par une magnifique plage de 14km, enti&egrave;rement bord&eacute;e de cocotiers, Nha Trang abritait autrefois la r&eacute;sidence du gouverneur g&eacute;n&eacute;ral fran&ccedil;ais, une luxueuse villa coloniale appel&eacute;e la Maison Blanche. La ville a &eacute;t&eacute; dot&eacute;e d&#39;une petite croisette le long de laquelle&nbsp;court l&#39;avenue Tr&acirc;n Phu (celle des h&ocirc;tels) qui se prolonge jusqu&#39;au petit port. Si les Russes ony quitt&eacute; la base de Cam Ranh - mais ils devraient revenir... - on observe, que comme &agrave; Phan Thi&ecirc;t, ils forment une importante communaut&eacute; o&ugrave; dans bon nombre de restaurants, les menus comportent des inscriptions en cyrillique.&quot;</em></p>\r\n\r\n<p>&nbsp;</p>\r\n\r\n<p><strong>Pour nous, Nha Trang sera l&#39;occasion de nos premi&egrave;res plong&eacute;es au Vietnam ainsi que d&#39;une pause baln&eacute;aire entre deux folles escapades&nbsp;citadines.</strong></p>\r\n\r\n<p><strong>Nous esp&eacute;rons y trouver de l&#39;animation, du soleil, un m&eacute;lange de culture et un vivier d&#39;activit&eacute;s nautiques pour satisfaire notre soif d&#39;oc&eacute;an.</strong></p>\r\n\r\n<p>&nbsp;</p>\r\n\r\n<p>&nbsp;</p>', '/uploads/brochures/df.jpeg', 8, '2013-01-15 00:00:00', '2013-01-20 00:00:00', '12.2387911', '109.19674880000002', 1, 1),
(6, 11, '2015-11-30 14:27:15', 'Hô Chi Minh-Ville, Hô Chi Minh, Vietnam', 'ho-chi-minh-ville-ho-chi-minh-vietnam', '<div id="page" style="margin: 0px; padding: 5px 5px 10px; list-style: none; width: 668px; float: left; color: rgb(0, 0, 0); font-family: ''Times New Roman''; font-size: medium; line-height: normal;">\r\n<p>H&Ocirc;-CHI-MINH-VILLE</p>\r\n\r\n<p>&nbsp;</p>\r\n\r\n<p>Capitale &eacute;conomique du Vietnam, la ville de 9 millions d&#39;habitants semble &ecirc;tre une v&eacute;ritable fourmili&egrave;re ! 2,5 jours seront courts pour visiter cette m&eacute;gapole de l&#39;Asie de l&#39;Est.</p>\r\n\r\n<p>&nbsp;</p>\r\n\r\n<p><strong>Nous imaginons cette cit&eacute; comme un &eacute;trange m&eacute;lange de modernit&eacute; et de traditions.&nbsp;Nous essaierons d&#39;appr&eacute;cier sa complexit&eacute; entre&nbsp;pause nature (Binh Quoi Village), vir&eacute;e shopping (March&eacute; de Ben Tanh et le quartier chinois Cholon) et escapade sur le delta du M&eacute;kong.</strong></p>\r\n\r\n<p>&nbsp;</p>\r\n\r\n<p><strong>Nous esp&eacute;rons pouvoir prendre le temps de vivre notre petite aventure dans cette ville cosmopolite, insolente et d&eacute;bord&eacute;e.</strong></p>\r\n\r\n<div>&nbsp;</div>\r\n</div>', '/uploads/brochures/pulp.jpeg', 10, '2013-01-20 00:00:00', '2013-01-22 00:00:00', '10.8230989', '106.6296638', 1, 1),
(7, 11, '2015-11-30 14:27:29', 'Bangkok, Thaïlande', 'bangkok-thailande', '<p><span style="color:rgb(83, 144, 235); font-family:zurich bt,sans-serif; font-size:20px">BANGKOK</span></p>\r\n\r\n<p>&nbsp;</p>\r\n\r\n<p>La grande ville d&#39;Asie, celle qui fait tant parler, celle qui&nbsp;effraie, celle qui &eacute;tonne et celle qui bouscule&nbsp;!</p>\r\n\r\n<p>&nbsp;</p>\r\n\r\n<p>&quot;&quot;Cit&eacute; des Anges, ville immortelle et magnifique, aux neuf gemmes, si&egrave;ge du roi et des palais magnifiques, demeure des dieux incarn&eacute;s, &eacute;rig&eacute;e par Visvakarman selon la volont&eacute; d&#39;Indra.&quot; La Cit&eacute; des Anges ne se laisse pas facilement apprivoiser. Beaucoup de voyageurs press&eacute;s ne retiendront que la pollution, les embouteillages, le tumulte... et pourtant, elle a tant de facettes &agrave; offrir au visiteur qui choisira de se laisser happer par le tourbillon. Bangkok est une ville de contrastes. Les aspects pmodernes in&eacute;vitables d&#39;une grande capitale coexistent avec la tradition rurale siamoise. Chaque soir, les vendeurs ambulants gagnent laborieusement leur vie &agrave; l&#39;ombre des gratte-ciel; les 4x4 rutilants aux vitres teint&eacute;es sillonnent les avenues tandis que les long tails vrombissants filent sur les klongs des quartiers populaires. Rattanakosin, la cit&eacute; historique, avec ses temples riches d&#39;histoire et ses maisons de teck d&#39;une autre &eacute;poque, vit au rythme des monast&egrave;res non loin des centres commerciaux de Siam Square et des night-clubs de Sukhumvit. Cependant, Bangkok ne correspond pas uniquement aux clich&eacute;s sordides qui ternissent son image, pas plus qu&#39;elle ne se r&eacute;sume &agrave; une &eacute;tape dans le parcours asiatique d&#39;un voyageur &agrave; petit budget.&quot; (Petit Fut&eacute; Thailande, 2011-12)</p>\r\n\r\n<p>&nbsp;</p>\r\n\r\n<p><strong>M&eacute;tropole dynamique, Bangkok offre &agrave; la fois le confort et l&#39;attrait des villes modernes mais &eacute;galement le charme et la spiritualit&eacute; de la tradition thai. On esp&egrave;re y &ecirc;tre transport&eacute;e entre fascination culturelle et euphorie urbaine. A elle-seule, cette ville symbolise toute l&#39;excitation de&nbsp;notre voyage.</strong></p>\r\n\r\n<p>&nbsp;</p>\r\n\r\n<p>&nbsp;</p>', '/uploads/brochures/pulp.jpeg', 11, '2013-01-22 00:00:00', '2013-01-25 00:00:00', '13.7563309', '100.50176510000006', 1, 1),
(8, 11, '2015-11-30 14:27:43', 'Khao Lak, Lam Kaen Phang Nga Thaïlande', 'khao-lak-lam-kaen-phang-nga-thailande', '<p>KHAO LAK</p>\r\n\r\n<p>&nbsp;</p>\r\n\r\n<p style="text-align:justify">&quot;<em>Khao Lak est situ&eacute; dans la province de Phang Nga, au sud-ouest de la Tha&iuml;lande, &agrave; 90 km au nord de Phuket. D&eacute;couverte r&eacute;cemment par des touristes plus aventureux, la ville et ses alentours demeurent pr&eacute;serv&eacute;s et sont entour&eacute;s par plusieurs parcs nationaux faisant les d&eacute;lices des amoureux de la nature.</em></p>\r\n\r\n<p style="text-align:justify"><em>Baign&eacute; par la mer Andaman, on d&eacute;couvre avec joie de longues plages vierges, au sable fin et aux palmiers se couchant sur le sable bord&eacute;es de petites criques d&eacute;sertes le long de la baie.</em></p>\r\n\r\n<p style="text-align:justify"><em>Quelques grands h&ocirc;tels s&#39;y sont install&eacute;s, &eacute;pousant avec harmonie la nature afin d&#39;offrir un s&eacute;jour reposant et des excursions &eacute;co touristique : randonn&eacute;es &agrave; dos d&#39;&eacute;l&eacute;phant, trekking dans la jungle tropicale luxuriante aux collines verdoyantes, kayak le long des rivi&egrave;res et plong&eacute;e sous-marine...</em></p>\r\n\r\n<p style="text-align:justify"><em>Non loin, les paysages spectaculaires de la baie de Phang Nga, caract&eacute;ris&eacute;e par des centaines de petites &icirc;les, surgissent de la mer au milieu de mangroves, grottes et lagons int&eacute;rieurs, offrant l&rsquo;un des panoramas les plus fascinants de la r&eacute;gion sud de la Tha&iuml;lande</em>.&quot; (<a href="http://www.laperlenoire.ch/khaolak/default.htm" style="margin: 0px; padding: 0px; list-style: none; text-decoration: none;" target="_blank">La perle noire</a>)</p>\r\n\r\n<p style="text-align:justify">&nbsp;</p>\r\n\r\n<p style="text-align:justify"><strong>Pour nous, Khao Lak apparait comme un havre de paix qui cl&ocirc;turera notre beau voyage avec une savoureuse note oc&eacute;ane !</strong></p>\r\n\r\n<p style="text-align:justify"><strong>Elle est le lieu id&eacute;al&nbsp;depuis lequel&nbsp;s&#39;immerger dans les profondeurs des &icirc;les Similans et d&eacute;couvrir les richesses naturelles de la r&eacute;gion Sud.</strong></p>\r\n\r\n<p style="text-align:justify"><strong>Esp&eacute;rons qu&#39;elle sera notre paradis sauvage, l&#39;espace d&#39;une semaine.</strong></p>\r\n\r\n<p>&nbsp;</p>', '/uploads/brochures/pulp.jpeg', 12, '2013-01-25 00:00:00', '2013-02-01 00:00:00', '8.6313889', '98.26777779999998', 1, 1),
(9, 11, '2015-11-30 14:28:03', 'Projet', 'projet', NULL, '/uploads/brochures/pulp.jpeg', 1, '2015-11-16 00:00:00', '2015-11-16 00:00:00', NULL, NULL, 1, 0),
(10, 11, '2015-11-30 14:28:14', 'Les Préparatifs', 'les-preparatifs', '<p>Les pr&eacute;paratifs ou... Quand est-ce qu&#39;on s&#39;envole ?? !</p>\r\n\r\n<p>&nbsp;</p>\r\n\r\n<p>La liste est longue et j&rsquo;aurais envie de commencer par : Acheter des chaussures pour Marine !</p>\r\n\r\n<p>Mais soyons s&eacute;rieux, cette &eacute;tape n&rsquo;est pas une priorit&eacute; (enfin&hellip; &ccedil;a d&eacute;pend pour qui).</p>\r\n\r\n<p>&nbsp;</p>\r\n\r\n<p>Qu&rsquo;il s&rsquo;agisse de formalit&eacute;s administratives, de pr&eacute;cautions de sant&eacute;, de souscriptions d&rsquo;assurances, de choses &agrave; pr&eacute;parer, &agrave; pr&eacute;voir, &agrave; anticiper ou de petits plus qui participeront &agrave; la r&eacute;ussite de ce voyage, chaque chose en son temps&nbsp;</p>', '/uploads/brochures/pulp.jpeg', 13, '2015-11-16 00:00:00', '2015-11-16 00:00:00', NULL, NULL, 1, 0),
(11, 12, '2015-12-08 10:18:35', 'Jakarta, Indonésie', 'jakarta-indonesie', NULL, NULL, 1, '2016-05-07 00:00:00', '2016-05-08 00:00:00', '-6.2087634', '106.84559899999999', 0, 0),
(12, 12, '2015-12-08 10:19:22', 'Sorong, Papouasie occidentale, Indonésie', 'sorong-papouasie-occidentale-indonesie', NULL, NULL, 1, '2016-05-08 00:00:00', '2016-05-15 00:00:00', '-0.8819986', '131.29548339999997', 0, 1),
(13, 12, '2015-12-08 10:20:11', 'Bali, Indonésie', 'bali-indonesie', NULL, NULL, 1, '2016-05-15 00:00:00', '2016-05-16 00:00:00', '-8.4095178', '115.18891600000006', 0, 1),
(14, 12, '2015-12-08 10:21:24', 'Surabaya, Java oriental, Indonésie', 'surabaya-java-oriental-indonesie', NULL, NULL, 1, '2016-05-22 00:00:00', '2016-05-24 00:00:00', '-7.2574719', '112.75208829999997', 0, 1),
(15, 12, '2015-12-08 10:22:50', 'Yogyakarta, Indonésie', 'yogyakarta-indonesie', NULL, NULL, 1, '2016-05-24 00:00:00', '2016-05-27 00:00:00', '-7.7955798', '110.36948959999995', 0, 1),
(16, 12, '2015-12-08 10:25:46', 'Singapour', 'singapour', NULL, NULL, 1, '2016-05-27 00:00:00', '2016-05-28 00:00:00', '1.352083', '103.81983600000001', 0, 1),
(17, 13, '2015-12-14 11:08:05', 'Venise, Italie', 'venise-italie', NULL, NULL, NULL, '2015-12-17 00:00:00', '2015-12-25 00:00:00', '45.4408474', '12.31551509999997', 1, 1);

-- --------------------------------------------------------

--
-- Structure de la table `carnet2voyage__page`
--

CREATE TABLE IF NOT EXISTS `carnet2voyage__page` (
  `id` int(11) NOT NULL AUTO_INCREMENT,
  `lieu_id` int(11) NOT NULL,
  `created` datetime NOT NULL,
  `titre` varchar(90) COLLATE utf8_unicode_ci NOT NULL,
  `contenu` longtext COLLATE utf8_unicode_ci,
  `image` varchar(200) COLLATE utf8_unicode_ci DEFAULT NULL,
  `slug` varchar(50) COLLATE utf8_unicode_ci NOT NULL,
  `ordre` int(11) DEFAULT NULL,
  `carnet` int(11) DEFAULT NULL,
  PRIMARY KEY (`id`),
  UNIQUE KEY `UNIQ_6E352D3A989D9B62` (`slug`),
  KEY `IDX_6E352D3A6AB213CC` (`lieu_id`)
) ENGINE=InnoDB  DEFAULT CHARSET=utf8 COLLATE=utf8_unicode_ci AUTO_INCREMENT=21 ;

--
-- Contenu de la table `carnet2voyage__page`
--

INSERT INTO `carnet2voyage__page` (`id`, `lieu_id`, `created`, `titre`, `contenu`, `image`, `slug`, `ordre`, `carnet`) VALUES
(3, 4, '2015-11-30 14:32:20', 'Les transports', '<p><span style="font-size:11px"><strong>Les transports &agrave; Hanoi</strong></span></p>\r\n\r\n<p>&nbsp;</p>\r\n\r\n<p><span style="font-size:11px"><strong>Notre arriv&eacute;e au Vietnam&nbsp;&nbsp;&nbsp; </strong></span></p>\r\n\r\n<p>&nbsp;</p>\r\n\r\n<p><span style="font-size:11px">Apr&egrave;s un long trajet depuis Bordeaux, en passant par Paris et Hong-Kong, notre vol Cathay Pacific devrait atterrir le 11 janvier en territoire vietnamien aux alentours de 19h05. Enfin, l&#39;aventure commence vraiment!</span></p>\r\n\r\n<p>&nbsp;</p>\r\n\r\n<p><span style="font-size:11px"><strong><u>Premier challenge </u></strong>: rejoindre notre h&ocirc;tel dans le centre d&rsquo;Hanoi !</span></p>\r\n\r\n<p>&nbsp;</p>\r\n\r\n<p><span style="font-size:11px">L&rsquo;a&eacute;roport international Noi Bai est le plus grand a&eacute;roport du nord du Vietnam.&nbsp; Il est situ&eacute; &agrave; 45 km du centre de Hanoi. Toutes les informations pratiques se trouvent sur le site web&nbsp;: <a href="http://www.hanoiairportonline.com">www.hanoiairportonline.com</a></span></p>\r\n\r\n<p>&nbsp;</p>\r\n\r\n<p><span style="font-size:11px">Pour ce premier trajet vers le centre-ville, nous choisirons le confort d&rsquo;un taxi. Notre mission est donc de trouver un taxi acceptant nos bagages + le fauteuil roulant pour nous rendre &agrave; l&rsquo;h&ocirc;tel Angel Palace.</span></p>\r\n\r\n<p><span style="font-size:11px">La dur&eacute;e du transfert est environ 40 min et le co&ucirc;t ne devrait pas d&eacute;passer 200&nbsp;000 VND (soit 8 &euro;).</span></p>\r\n\r\n<p>&nbsp;</p>\r\n\r\n<p><span style="font-size:11px">Ce site propose de r&eacute;server votre transfert en ligne, &agrave; l&rsquo;avance. Tarif un peu plus &eacute;lev&eacute;. <a href="http://www.noibaitaxi.com">www.noibaitaxi.com</a></span></p>\r\n\r\n<p>&nbsp;</p>\r\n\r\n<p><span style="font-size:11px"><u><strong>Dans le centre d&#39;Hanoi...</strong></u></span></p>\r\n\r\n<p>&nbsp;</p>\r\n\r\n<p><span style="font-size:11px">D\\&#39;apr&egrave;s les diff&eacute;rentes informations que j\\&#39;ai pu obtenir via diff&eacute;rents guides touristiques, sites web et forum, le centre de Hanoi est assez petit et les courses en taxi sont extr&ecirc;mement bon march&eacute;. Donc nous nous d&eacute;placerons principalement &agrave; pied ou &eacute;ventuellement en taxi lorsque la fatigue se fera sentir !</span></p>\r\n\r\n<p>&nbsp;</p>\r\n\r\n<p><span style="font-size:11px"><strong><u>Vers la baie d&#39;Halong terrestre... </u></strong></span></p>\r\n\r\n<p>&nbsp;</p>\r\n\r\n<p><span style="font-size:11px">Gr&acirc;ce &agrave; Minh, nous irons d&eacute;couvrir ce merveilleux paysage en voiture. Au Vietnam, les touristes ne peuvent pas conduire, donc toutes les locations de voiture incluent un service de chauffeur. Ce sera donc avec bonheur que nous nous laisserons conduire pour une journ&eacute;e au coeur de la r&eacute;gion nord.</span></p>', NULL, 'les-transports', 4, NULL),
(4, 4, '2015-11-30 14:34:33', 'Notre hôtel', '<p>NOTRE H&Ocirc;TEL</p>\r\n\r\n<p>&nbsp;</p>\r\n\r\n<p>Du 11 au 15 janvier 2013 (4 nuits)</p>\r\n\r\n<p>&nbsp;</p>\r\n\r\n<p>Angel Palace ***</p>\r\n\r\n<p>City View room, petit dejeuner inclus</p>\r\n\r\n<p>&nbsp;</p>\r\n\r\n<p>173 Hang Bong Str,</p>\r\n\r\n<p>Hoan Kiem Dist., Hanoi</p>\r\n\r\n<p>Tel: (84-4) 62 99 8666</p>\r\n\r\n<p>Fax: (84-4) 62 98 1888</p>\r\n\r\n<p>Web: <a href="http://www.angelpalacehotel.com.vn" target="_blank">www.angelpalacehotel.com.vn</a></p>\r\n\r\n<p>&nbsp;</p>\r\n\r\n<p>Au c&oelig;ur de la vieille ville de Hanoi, l&rsquo;h&ocirc;tel Angel Palace nous accueille en chambre City View. Elle comporte la climatisation, un minibar, un acc&egrave;s internet, une baignoire spa, et un lit king size. En outre, l&rsquo;h&ocirc;tel propose des massages, une boutique souvenirs et un bureau d&rsquo;excursion.</p>\r\n\r\n<p>&nbsp;</p>\r\n\r\n<p style="text-align:center"><img alt="Salle de bains Hôtel Angel Palace Hanoi" src="http://www.angelpalacehotel.com.vn/FileUpload/Images/060712_025946suite-bathroom-resized.jpg" style="height:126px; width:180px" title="Hôtel Angel Palace Hanoi" />&nbsp;<img alt="Hotel Angel Palace Hanoi Vietnam" src="http://www.angelpalacehotel.com.vn/FileUpload/Images/190112_102111img_9696.jpg" style="height:126px; width:189px" title="Hôtel Angel Palace Hanoi" />&nbsp;<img alt="Chambre Hotel Angel Palace Hanoi Vietnam" src="http://www.angelpalacehotel.com.vn/FileUpload/Images/190112_113827img_9766.jpg" style="height:126px; width:189px" title="Hôtel Angel Palace Hanoi" /></p>\r\n\r\n<p style="text-align:center">&nbsp;</p>\r\n\r\n<p style="text-align:center">&nbsp;</p>\r\n\r\n<p style="text-align:center">&nbsp;</p>\r\n\r\n<p style="text-align:center"><iframe frameborder="0" height="350" scrolling="no" src="https://maps.google.fr/maps/ms?msa=0&amp;msid=210342605593960078116.0004c7774a7d0143d79f1&amp;hl=fr&amp;ie=UTF8&amp;t=m&amp;ll=21.029913,105.846705&amp;spn=0.01402,0.018239&amp;z=15&amp;output=embed" width="425"></iframe></p>\r\n\r\n<p style="text-align:center"><small>Afficher <a href="https://maps.google.fr/maps/ms?msa=0&amp;msid=210342605593960078116.0004c7774a7d0143d79f1&amp;hl=fr&amp;ie=UTF8&amp;t=m&amp;ll=21.029913,105.846705&amp;spn=0.01402,0.018239&amp;z=15&amp;source=embed" style="color: #0000ff; text-align: left;" target="_blank">Hanoi </a> sur une carte plus grande</small></p>', NULL, 'notre-hotel', 6, NULL),
(5, 4, '2015-11-30 14:35:02', 'Le programme', '<p>NOTRE PROGRAMME</p>\r\n\r\n<p>&nbsp;</p>\r\n\r\n<p>Vendredi 11 janvier</p>\r\n\r\n<p>Arriv&eacute;e &agrave; l&rsquo;a&eacute;roport : 19h05</p>\r\n\r\n<p>Soir&eacute;e, diner &agrave; Hanoi et nuit &agrave; l&rsquo;h&ocirc;tel.</p>\r\n\r\n<p>&nbsp;</p>\r\n\r\n<p>Samedi 12 janvier</p>\r\n\r\n<p><u>Visite de Hanoi</u></p>\r\n\r\n<p>&nbsp;</p>\r\n\r\n<p><img alt="Hanoi, Vietnam" src="http://media.llovem.eu/bibliotheque/hanoi_prog_1_m.jpg%20" style="height:128px; width:180px" title="Les rues de Hanoi" />&nbsp;<img alt="Hanoi Vietnam" src="http://media.llovem.eu/bibliotheque/hanoi_prog_2_m.jpg%20" style="height:128px; width:171px" title="Hanoi" /></p>\r\n\r\n<p>D&eacute;part matinal (vers 6h00) pour assister aux s&eacute;ances de Ta&iuml; Chi des vietnamiens. Promenade d&rsquo;environ 1h/1h30 autour du <strong>lac Ho&agrave;n Kiem</strong>, le lac de l\\&#39;&eacute;p&eacute;e restitu&eacute;e, vers le <strong>pont Th&eacute; Huc</strong> et jusqu\\&#39;au<strong> temple Ngoc So\\&#39;n</strong>.</p>\r\n\r\n<p>Retour &agrave; l&rsquo;h&ocirc;tel pour un petit d&eacute;jeuner bien m&eacute;rit&eacute;.</p>\r\n\r\n<p>&nbsp;</p>\r\n\r\n<p>D&eacute;couverte du<strong> march&eacute; de Dong Xuan</strong> (20 min de marche depuis l&rsquo;h&ocirc;tel) et du quartier des commer&ccedil;ants. Un arr&ecirc;t chez un tailleur pour faire faire quelques v&ecirc;tements sur mesure. On poussera la balade jusqu&rsquo;au <strong>pont Long Bien</strong>. D&eacute;jeuner en ville.</p>\r\n\r\n<p>&nbsp;</p>\r\n\r\n<p>L&rsquo;apr&egrave;s-midi, on rejoint le <strong>quartier Ba Dinh</strong> pour visiter la citadelle et &eacute;ventuellement <strong>Ch&ugrave;a Mot Cot</strong> (la pagode au pilier unique). Retour &agrave; l&rsquo;h&ocirc;tel (20 min de marche).</p>\r\n\r\n<p>&nbsp;</p>\r\n\r\n<p>Dimanche 13 janvier</p>\r\n\r\n<p><u>A la d&eacute;couverte de la Baie d&rsquo;Ha-Long terrestre</u></p>\r\n\r\n<p>&nbsp;</p>\r\n\r\n<p style="text-align:center"><img alt="Baie d\\''Halong terrestre, Hanoi, Vietnam" src="http://www.routard.com/images_contenu/communaute/photos/publi/014/pt13717.jpg" style="height:128px; width:171px" title="La Baie d\\''Halong terrestre" />&nbsp;<img alt="Tam Coc La baie d\\''Halong terrestre, Hanoi, Vietnam" src="http://media.llovem.eu/bibliotheque/hanoi_prog3_m.jpg%20" style="height:128px; width:291px" title="Tam Coc La baie d\\''Halong terrestre" /><br />\r\n&nbsp;&nbsp;</p>\r\n\r\n<p><strong>Tam Coc (Ninh Binh) </strong>-</p>\r\n\r\n<p>En route pour Ninh Binh (environ 1h30 de route depuis Hanoi).</p>\r\n\r\n<p>Visite des temples des dynasties royales Dinh &amp; Le &agrave; Hoa Lu, ancienne capitale royale du Vietnam (968-1009).</p>\r\n\r\n<p>Transfert au village de Van Lan pour un d&eacute;jeuner typique dans un restaurant local.</p>\r\n\r\n<p>Embarquement pour une croisi&egrave;re dans la Baie d\\&#39;Halong terrestre, parmi les rizi&egrave;res qui entourent des collines en pain de sucre.&nbsp;&nbsp;</p>\r\n\r\n<p>Exploration des trois grottes de Tam Coc aux formations insolites de roches calcaires (karst) et d&eacute;couverte de la vie locale des villages de p&ecirc;che.</p>\r\n\r\n<p>&nbsp;</p>\r\n\r\n<p>Retour &agrave; Hanoi&nbsp;dans l\\&#39;apr&egrave;s-midi. Diner et nuit sur place.&nbsp;</p>\r\n\r\n<p>&nbsp;</p>\r\n\r\n<p>Lundi 14 janvier</p>\r\n\r\n<p>Apr&egrave;s un bon petit-d&eacute;jeuner, direction les rives du<strong> lac Hoan Kiem</strong> pour r&eacute;server deux places pour le spectacle du soir au <strong>th&eacute;&acirc;tre Thang Long Water</strong>.&nbsp;On passera chez notre tailleur r&eacute;cup&eacute;rer les v&ecirc;tements sur mesure.</p>\r\n\r\n<p>&nbsp;</p>\r\n\r\n<p>Dans l&rsquo;apr&egrave;s-midi, un taxi nous emm&egrave;ne autour du <strong>lac de l&rsquo;Ouest</strong>, o&ugrave; nous pourrons visiter la <strong>pagode Tran Quoc</strong> et fl&acirc;ner tranquillement, avant de s&rsquo;attabler au Saint Honor&eacute; pour un go&ucirc;ter gourmand.</p>\r\n\r\n<p>&nbsp;</p>\r\n\r\n<p>A 18h00, rendez-vous au th&eacute;&acirc;tre Thang Long Puppet pour la s&eacute;ance de 18h30. Diner au restaurant Green tangerine, &agrave; quelques minutes de marche. Retour et nuit &agrave; l&rsquo;h&ocirc;tel.</p>\r\n\r\n<p>&nbsp;</p>\r\n\r\n<p>Mardi 15 janvier</p>\r\n\r\n<p>La matin&eacute;e est d&eacute;di&eacute;e au rangement et au pliage des bagages. D&eacute;jeuner &agrave; Joma Caf&eacute; &agrave; quelques minutes de l&rsquo;h&ocirc;tel, puis visite du <strong>temple de la litt&eacute;rature</strong>. D&eacute;part de l&rsquo;h&ocirc;tel vers 15h30/16h pour rejoindre l&rsquo;a&eacute;roport. Vol pour Nha Trang &agrave; 18h30.</p>', NULL, 'le-programme', 5, NULL),
(6, 4, '2015-11-30 14:35:26', 'Carnet de voyage', '<p>J1&nbsp;(12/01/13) : HANOI</p>\r\n\r\n<p>&nbsp;</p>\r\n\r\n<p>Laurent a pris son maillot, choisi un soin (massage aux huiles essentielles et sauna)&nbsp;: direction un spa, recommand&eacute; par l&rsquo;h&ocirc;tel pour son accessibilit&eacute;&nbsp;!</p>\r\n\r\n<p>&nbsp;</p>\r\n\r\n<p>Comme toujours, tout est relatif. Et de toute mani&egrave;re, ces &laquo;&nbsp;vi&ecirc;ts&nbsp;&raquo; l&agrave; ne savent pas dire non.</p>\r\n\r\n<p>Arriv&eacute;s face au spa, quelques marches. Pas de soucis, &agrave; deux on monte Laurent. Mais en fait, le soin doit se faire &agrave; l&rsquo;&eacute;tage&hellip; Cette fois, on change de plan et on se contentera du rez-de-chauss&eacute;e et d&rsquo;un traitement des pieds.&nbsp;</p>\r\n\r\n<p>&nbsp;</p>\r\n\r\n<p>Mais quel traitement&nbsp;! Pour une dizaine d&rsquo;euros, on vous masse des pieds &agrave; la t&ecirc;te en passant par les jambes, les mains et la nuque. Toujours au milieu de divers clients &eacute;trangers et locaux, on vous fait un gommage au caf&eacute;, on immerge vos pieds dans une sorte de cire bouillante. Galvanis&eacute;e par l&rsquo;incessant tintamarre des klaxons, je souris&nbsp;: &laquo;&nbsp;j&rsquo;ai les pieds tout gluants&nbsp;!&raquo;.</p>\r\n\r\n<p>&nbsp;</p>\r\n\r\n<p>Apr&egrave;s dix minutes de pause, on m&rsquo;enl&egrave;ve cette nouvelle peau et je m&rsquo;embarque dans une p&eacute;dicure&nbsp;! Allez&nbsp;! On se lance, c&rsquo;est aujourd&rsquo;hui ou jamais. Dor&eacute;navant, mes pieds sont roses. Ils n&rsquo;ont jamais &eacute;t&eacute; aussi canons&nbsp;! &nbsp;Bizarrement, Laurent a pr&eacute;f&eacute;r&eacute; rester sobre.</p>\r\n\r\n<p>&nbsp;</p>\r\n\r\n<p>P.S&nbsp;: j&rsquo;ai de la mousse entre les doigts de pieds&nbsp;!</p>\r\n\r\n<p>&nbsp;</p>\r\n\r\n<p style="text-align:center"><img alt="" src="http://media.llovem.eu/bibliotheque/hanoi-12-89_m.jpg" style="height:331px; width:500px" title="Hanoi et ses marchés" /></p>\r\n\r\n<p>&nbsp;</p>\r\n\r\n<p>&nbsp;</p>\r\n\r\n<p>J2 (13/01/13)&nbsp;: HANOI</p>\r\n\r\n<p>&nbsp;</p>\r\n\r\n<p>Ce matin au r&eacute;veil, &Ocirc; Surprise, une roue du fauteuil &eacute;tait &agrave; plat. Un pneu crev&eacute;&nbsp;! En urgence, Laurent descend &agrave; la r&eacute;ception et demande de l&rsquo;aide. Ni une, ni deux, le portier embarque la roue et part en courant. Apr&egrave;s deux allers-retours, c&rsquo;est r&eacute;par&eacute; et avec un peu de retard, on part en excursion dans la baie d&rsquo;Halong terrestre, &agrave; Tam Coc.</p>\r\n\r\n<p>&nbsp;</p>\r\n\r\n<p>Petite balade en barque d&rsquo;une heure et demie, pendant laquelle on nourrira les rameurs (vive les marchands flottants&hellip;) et on se fera vendre une nappe brod&eacute;e (Allez&nbsp;! On prend&nbsp;! &Ccedil;a vous fait tellement plaisir et puis, on aura peut-&ecirc;tre une table ronde un jour&hellip; Ou pas&nbsp;!).</p>\r\n\r\n<p>&nbsp;</p>\r\n\r\n<p style="text-align:center"><img alt="Rameurs à Tam Coc" src="http://media.llovem.eu/bibliotheque/hanoi-36-19_m.jpg" style="height:331px; width:500px" title="Tam Coc, Baie d\\''Halong terrestre" />&nbsp;</p>\r\n\r\n<p>&nbsp;</p>\r\n\r\n<p>Apr&egrave;s un d&eacute;jeuner typique (&hellip;Et touristique&nbsp;!), direction les temples Dinh et L&eacute;. Laurent parvient &agrave; se faufiler jusqu&rsquo;&agrave; la pagode du premier mais reste &agrave; la porte du second, faute d&rsquo;accessibilit&eacute;.</p>\r\n\r\n<p>Notre guide nous explique pourquoi il y a des marches partout au Vietnam&nbsp;: c&rsquo;est pour emp&ecirc;cher les mauvais esprits d&rsquo;entrer (&hellip; &Ccedil;a marche aussi pour les handicap&eacute;s&nbsp;!&nbsp;J).</p>\r\n\r\n<p>&nbsp;</p>\r\n\r\n<p style="text-align:center"><img alt="Temple Dinh, Ninh Binh" src="http://media.llovem.eu/bibliotheque/hanoi-41-57_m.jpg" style="height:331px; width:500px" title="Laurent devant le temple Dinh" /></p>\r\n\r\n<p>&nbsp;</p>\r\n\r\n<p>Idem pour la pagode Bai Dinh. Je poursuis donc seule la visite&nbsp;! Extraordinaire&hellip; Ce n&rsquo;est pas encore termin&eacute; (pr&eacute;vu pour 2015) mais c&rsquo;est d&eacute;j&agrave; impressionnant. La folie des grandeurs&nbsp;! N&rsquo;h&eacute;sitez pas &agrave; y faire un tour, si vous &ecirc;tes dans le coin.</p>\r\n\r\n<p>&nbsp;</p>\r\n\r\n<p>Malheureusement la journ&eacute;e ne va pas se terminer en beaut&eacute;. Retour dans le brouhaha de Hanoi, v&eacute;ritable fourmili&egrave;re de motocycles. On s&rsquo;est rendu compte que la chambre &agrave; air ressortait un peu du pneu. A l&rsquo;h&ocirc;tel, sur la demande du guide, le portier repart avec la roue pour r&eacute;parer &ccedil;a. Et il revient quelques minutes plus tard, avec le pneu d&eacute;gonfl&eacute;. Verdict&nbsp;: la chambre &agrave; air aurait &eacute;clat&eacute;e.</p>\r\n\r\n<p>&nbsp;</p>\r\n\r\n<p>Condamn&eacute;s &agrave; attendre, sans aucune connaissance pour ma part, sans mobilit&eacute; pour Laurent, on prie maintenant pour un miracle. On s&rsquo;inqui&egrave;te&nbsp;: en combien de temps vont-ils trouver une nouvelle chambre-&agrave;-air&nbsp;? Combien cela va-t-il co&ucirc;ter&nbsp;? Et surtout combien de temps, cela va-t-il tenir&nbsp;?</p>\r\n\r\n<p>&nbsp;</p>\r\n\r\n<p>Je pense &agrave; la fameuse publicit&eacute; &laquo;&nbsp;Pas de stress, y&rsquo;a Point S&nbsp;&raquo; et pourtant le stress est bien l&agrave;&hellip;</p>\r\n\r\n<p>&nbsp;</p>\r\n\r\n<p>&nbsp;</p>\r\n\r\n<p>J3 (14/01/13)&nbsp;: HANOI</p>\r\n\r\n<p>&nbsp;</p>\r\n\r\n<p>Apr&egrave;s la journ&eacute;e de la &laquo;&nbsp;loose&nbsp;&raquo;, enfin une journ&eacute;e de pleine satisfaction&nbsp;! Jusqu&rsquo;&agrave; 11h, le personnel de l&rsquo;h&ocirc;tel s&rsquo;est d&eacute;men&eacute; pour trouver un endroit o&ugrave; faire r&eacute;parer la roue du fauteuil. On nous a m&ecirc;me propos&eacute; d&rsquo;acheter un&nbsp; fauteuil neuf &agrave; partir de 70 $USD qu&rsquo;on nous livrait en 1h&nbsp;! Quand on connait le prix d&rsquo;un fauteuil en France, on hallucine compl&egrave;tement. Mais quelques minutes plus tard&hellip; Victoire&nbsp;!</p>\r\n\r\n<p>Quelqu&rsquo;un a pu r&eacute;parer le fauteuil, on demande une seconde chambre-&agrave;-air (au cas o&ugrave;). On se retrouve avec un deuxi&egrave;me pneu&hellip; Pourquoi pas&nbsp;? En tout cas, la r&eacute;paration tient bon. Mais o&ugrave; va-t-on transporter un deuxi&egrave;me pneu&nbsp;?!</p>\r\n\r\n<p>&nbsp;</p>\r\n\r\n<p>On a donc pris tout notre temps ce matin et comme chaque jour, pour Laurent, le petit d&eacute;jeuner est fait de pancakes, fruits de la passion et fruits du Dragon&nbsp;!</p>\r\n\r\n<p>&nbsp;</p>\r\n\r\n<p>Le fauteuil roulant op&eacute;rationnel, nous poursuivons notre d&eacute;couverte d&rsquo;Hanoi par la visite du temple de la Litt&eacute;rature (facilement accessible&nbsp;!). L&agrave;-bas, je tourne le dos quelques minutes pour acheter quelques cartes postales et une horde de jeunes &eacute;tudiantes en tenue traditionnelle (Ao Dai) se pr&eacute;cipite sur Laurent pour se faire prendre en photos avec lui.&nbsp; Les r&ocirc;les s&rsquo;inversent&nbsp;; l&rsquo;attraction pour elles, c&rsquo;est lui et elles pour nous&nbsp;! Quand deux cultures se rencontrent&hellip;</p>\r\n\r\n<p>&nbsp;</p>\r\n\r\n<p>Apr&egrave;s cet &eacute;pisode plein d&rsquo;&eacute;motions pour Laurent, nous rejoignons le mausol&eacute;e d&rsquo;H&ocirc;-Chi-Minh o&ugrave; on a le plaisir d&rsquo;assister &agrave; la rel&egrave;ve de la garde.</p>\r\n\r\n<p>Dans l&rsquo;apr&egrave;s-midi, on fait quelques achats et on r&eacute;cup&egrave;re les v&ecirc;tements sur mesure chez notre tailleur (Yen Boutique).&nbsp; Ce soir, on a r&eacute;serv&eacute; un bon restaurant Madame Hien et &agrave; 20h, le spectacle de Marionnettes.</p>\r\n\r\n<p>&nbsp;</p>\r\n\r\n<p style="text-align:center"><img alt="Diner Vietnamien" src="http://media.llovem.eu/bibliotheque/hanoi_tel-2-28_m.jpg" style="height:333px; width:500px" title="Diner Vietnamien - Bambou" /></p>\r\n\r\n<p style="text-align:center">&nbsp;</p>\r\n\r\n<p>&nbsp;</p>\r\n\r\n<p>J4&nbsp;(15/01/13)&nbsp;: HANOI</p>\r\n\r\n<p>&nbsp;</p>\r\n\r\n<p>Nous arrivons au terme de notre premi&egrave;re escale. Malheureusement, apr&egrave;s les multiples changements d&rsquo;horaires de Vietnam Airlines, notre vol ne d&eacute;collera qu&rsquo;&agrave; 19h et nous devons quitter la chambre &agrave; midi.</p>\r\n\r\n<p>&nbsp;</p>\r\n\r\n<p>Ce matin, nous nous sommes donc lev&eacute;s t&ocirc;t pour profiter d&rsquo;une derni&egrave;re balade sans les valises (que l&rsquo;h&ocirc;tel nous garde). Direction la citadelle &ndash; ferm&eacute;e&nbsp;! &ndash; et le lac de l&rsquo;Ouest (&hellip;brumeux&nbsp;!). Dommage&nbsp;! Au cours de la balade, nous sommes quand m&ecirc;me tomb&eacute;s dans le quartier High Tech avec des t&eacute;l&eacute;phones &agrave; chaque m&egrave;tre. Des mod&egrave;les dernier cri, comme de magnifiques &eacute;paves&nbsp;! On a &eacute;galement travers&eacute; le quartier des &laquo;&nbsp;lumi&egrave;res&nbsp;&raquo;&nbsp;: ampoules de toutes sortes, de toutes les couleurs, guirlandes clignotantes, chantantes et autres luminaires ultra kitchs&nbsp;! (Est-ce l&rsquo;influence du nouvel an chinois qui approche&nbsp;: le t&ecirc;t&nbsp;?).</p>\r\n\r\n<p>&nbsp;</p>\r\n\r\n<p>Sur le chemin vers l&rsquo;a&eacute;roport, des embouteillages (vers 16h) et une circulation d&eacute;mente. Sur une route &agrave; deux voies, notre taxi force pour en cr&eacute;er une quatri&egrave;me&nbsp;! Au milieu de nulle part, des travailleurs et des femmes, en talons hauts et tailleur, attendent le bus, pr&egrave;s d&rsquo;un arr&ecirc;t imaginaire. Au Vietnam, l&rsquo;une des choses les plus surprenantes, est la notion de s&eacute;curit&eacute; routi&egrave;re. Comme dans la plupart des pays du Sud, la ceinture en voiture est facultative (lorsqu&rsquo;elle fonctionne). Des milliers de voitures c&ocirc;toient des dizaines de milliers de motocycles sur des routes &eacute;troites et d&eacute;form&eacute;es.</p>\r\n\r\n<p>&nbsp;</p>\r\n\r\n<p>Quelque chose nous frappe&nbsp;: le port du casque est g&eacute;n&eacute;ralis&eacute;. Mais ici, il ressemble plus &agrave; un accessoire de mode qu&rsquo;&agrave; un &eacute;quipement de s&eacute;curit&eacute;. De toutes les couleurs, de toutes les formes, avec un trou pour laisser passer les queues de cheval de ces demoiselles, ils sont pour la plupart en plastique fin et poss&egrave;dent une visi&egrave;re. En fait, on dirait un chapeau de Playmobil&nbsp;!</p>\r\n\r\n<p>&nbsp;</p>\r\n\r\n<p style="text-align:center"><img alt="rues de Hanoi" src="http://media.llovem.eu/bibliotheque/hanoi-63-_m.jpg" style="height:331px; width:500px" title="Les rues de Hanoi" /></p>', NULL, 'carnet-de-voyage', 3, NULL),
(7, 4, '2015-11-30 14:36:01', 'Infos pratiques', '<p class="titre">Infos g&eacute;n&eacute;rales sur le Vietnam</p> <p>&nbsp;</p> <p>Un petit brief pratique (issu du site <cite><a href="http://www.routard.com">www.routard.com</a></cite>) pour les futurs voyageurs et les curieux.</p> <p>&nbsp;</p> <p><span style="text-decoration: underline;">Monnaie :</span> Dong</p> <p>&nbsp;</p> <p><span style="text-decoration: underline;">Formalit&eacute;s d\\''entr&eacute;e :</span> Visas payant et obligatoire (voir <a href="http://carnet-de-voyage.llovem.eu/les-pr&eacute;paratifs/c&ocirc;t&eacute;-administratif.html" target="_blank">notre article</a>)</p> <p>&nbsp;</p> <p><span style="text-decoration: underline;">D&eacute;calage horaire :</span> +6h</p> <p>&nbsp;</p> <p><span style="text-decoration: underline;">Langue :</span> Vietnamien</p> <p>&nbsp;</p> <p><span style="text-decoration: underline;">Vaccins :</span></p> <p>Aucune vaccination n\\''est exig&eacute;e pour l\\''entr&eacute;e en territoire vietnamien des voyageurs en provenance d\\''Europe. Il est recommand&eacute; d\\''&ecirc;tre &agrave; jour pour les vaccinations suivantes :</p> <p>- <strong><em>Vaccinations &laquo; universelles &raquo;</em></strong>, c\\''est-&agrave;-dire celles que devraient avoir tous les Europ&eacute;ens, en dehors de tout voyage : t&eacute;tanos, polio, dipht&eacute;rie et h&eacute;patite B.</p> <p>-<strong><em> Fi&egrave;vre typho&iuml;de :</em></strong> la fi&egrave;vre typho&iuml;de est fr&eacute;quente au Vietnam et elle est de plus en plus r&eacute;sistante aux antibiotiques. - <strong><em>H&eacute;patite A :</em></strong> &eacute;galement li&eacute;e au manque d\\''hygi&egrave;ne, c\\''est la maladie du voyageur la plus fr&eacute;quente qui puisse &ecirc;tre pr&eacute;venue par un vaccin. Si vous avez plus de 60 ans, vous avez de fortes chances d\\''avoir une protection naturelle et donc d\\''&eacute;viter un vaccin, alors inutile et co&ucirc;teux.</p> <p>&nbsp;</p> <p>Pour toutes les informations g&eacute;n&eacute;rales, je vous laisse &agrave; vos claviers ! La toile est pleine de ressources...</p> <p>&nbsp;</p> <p class="titre">Quelques infos pratiques sur Hanoi</p> <p class="titre">&nbsp;</p> <p>C\\''est ici que nous posterons les bonnes adresses que nous allons d&eacute;couvrir.</p> <p>&nbsp;</p> <p>Notre agent r&eacute;ceptif &agrave; Hanoi :</p> <p>FANTASEA</p> <p>Add: 3rd Floor, 181 Xa Dan II, Dong Da, Hanoi</p> <p>Tel: + 84 4 6258 8855&nbsp;&nbsp;&nbsp; Fax: + 84 4 6258 8800</p> <p>E-mail: <a href="mailto:minh.nguyen@fantasea.vn">minh.nguyen@fantasea.vn</a>&nbsp;&nbsp;&nbsp; Web: <a href="http://www.fantasea.vn">www.fantasea.vn</a>&nbsp;<strong>&nbsp;</strong><strong>&nbsp;&nbsp;&nbsp;&nbsp;&nbsp;&nbsp;&nbsp;&nbsp;</strong></p> <p><strong><br /></strong></p> <p>YEN BOUTIQUE</p> <p>Add: 115 Hang Gai, Hoan Kiem, Hanoi</p> <p>Tel: +84 4 3928 8712 - 01686 408 973</p> <p>E-mail: <a href="mailto:yen_boutique@yahoo.com" target="_blank">yen_boutique@yahoo.com</a></p> <p>&nbsp;</p> <p>C\\''est une couturi&egrave;re qui parle fran&ccedil;ais. Elle fait du bon travail et tr&egrave;s rapidement. Il est possible de n&eacute;gocier avec le sourire.&nbsp;</p> <p>&nbsp;</p> <p>JOMA CAFE</p> <p>(une marche &agrave; l\\''entr&eacute;e mais il y a toujours quelqu\\''un pour vous aider et &ccedil;a vaut le coup!)</p> <p>Add: 22 Ly Quoc Su et 54 To Ngoc Van</p> <p>Tel: 043-747-3388 et 043-718-6071</p> <p>&nbsp;</p> <p>Un caf&eacute; proposant toute sorte de raffraichissement, de patisseries et des bagels d&eacute;licieux ! Wifi gratuit et fauteuils ultra confortables. Accueil parfait!&nbsp;</p> <p>&nbsp;</p> <p>MADAME HIEN&nbsp;</p> <p>Add: 15 Ch&acirc;n C&acirc;m, Hoan Kiem, Hanoi</p> <p>Tel: +84 4 3938 1588</p> <p>E-mail: <a href="mailto:madame.hien@didiercorlou.com" target="_blank">madame.hien@didiercorlou.com</a></p> <p>&nbsp;</p> <p>Restaurant traditionnel. Accueil fran&ccedil;ais, sp&eacute;cialit&eacute;s vi&ecirc;tnamiennes. Un peu cher mais d&eacute;licieux. Cadre agr&eacute;able et service irr&eacute;prochable.&nbsp;</p>', NULL, 'infos-pratiques', 7, NULL),
(8, 5, '2015-12-08 15:34:31', 'infos pratiques', '<p>A savoir :&nbsp;</p>\r\n\r\n<p>Le parc Vinpearl n&#39;est absolument pas accessible ! Passez votre chemin, il y a tellement mieux &agrave; faire...</p>\r\n\r\n<p>&nbsp;</p>\r\n\r\n<p><strong>I-Resort</strong></p>\r\n\r\n<p>Add: To 19 - Xuan Ngoc - Vinh Ngoc,&nbsp;Nha Trang</p>\r\n\r\n<p>Tel:&nbsp;+84 58 3838838</p>\r\n\r\n<p><a href="http://www.i-resort.vn/" style="margin: 0px; padding: 0px; list-style: none; text-decoration: none;" target="_blank">www.<strong>i</strong>-<strong>resort</strong>.vn</a></p>\r\n\r\n<p>&nbsp;</p>\r\n\r\n<p>(accessibilit&eacute; correcte en fauteuil manuel - les all&eacute;es sont quelque peu pav&eacute;es et il faut faire des transferts dans les douches, piscines et bains parfois glissants)</p>\r\n\r\n<p>Si vous souhaitez passer une demi-journ&eacute;e d&eacute;tente, c&#39;est l&#39;endroit id&eacute;al ! Spa, massages ou simplement bains de boue, sources d&#39;eau chaude et piscine d&#39;eau naturelle dans un cadre verdoyant. L&#39;entr&eacute;e est &agrave; seulement 11&euro; / pers et vous pourrez vous y pr&eacute;lasser toute la journ&eacute;e. Casier / bouteille d&#39;eau inclus. Sur place, il y a possibilit&eacute; de se restaurer et d&#39;acheter des souvenirs. &nbsp;</p>\r\n\r\n<p>&nbsp;</p>\r\n\r\n<p><strong>Rainbow Divers&nbsp;</strong></p>\r\n\r\n<p>Add: 90a Hung Vuong Street</p>\r\n\r\n<p>Tel: 0128-596-788</p>\r\n\r\n<p><a href="http://www.divevietnam.com/" style="margin: 0px; padding: 0px; list-style: none; text-decoration: none;" target="_blank">www.divevietnam.com</a></p>\r\n\r\n<p>Tr&egrave;s bon club de plong&eacute;e. Ambiance et accueil agr&eacute;able. Plong&eacute;es sympathiques. Bateau et &eacute;quipage correct. Superbe organisation. Le seul souci est le nombre de marche &agrave; emprunter pour acc&eacute;der &agrave; l&#39;embarquement au port (avec du temps et de l&#39;aide, on finit toujours par y arriver...).&nbsp;</p>\r\n\r\n<p>&nbsp;</p>\r\n\r\n<p><strong>Centre Commercial Nha Trang CITIMART</strong></p>\r\n\r\n<p>Add: 20 Tran Phu - P.Loc Tho</p>\r\n\r\n<p>Tel: 058-6250 286</p>\r\n\r\n<p>Id&eacute;alement situ&eacute; sur la promenade en front de mer, ce petit centre commercial poss&egrave;de de nombreuses boutiques o&ugrave; vous trouverez des v&ecirc;tements/ souvenirs &agrave; rapporter, ainsi qu&#39;un supermarch&eacute; et quelques restaurants.&nbsp;</p>\r\n\r\n<p>&nbsp;</p>\r\n\r\n<p><strong>March&eacute; de nuit de Nha Trang</strong></p>\r\n\r\n<p>Sp&eacute;cialement con&ccedil;u pour les touristes, ce march&eacute; de nuit n&#39;a rien de traditionnel et ce n&#39;est certainement pas le lieu pour faire les meilleures affaires. Cependant, l&#39;ambiance y est agr&eacute;able et vous y trouverez un choix de restauration impressionnant : toutes les cuisines sont ici repr&eacute;sent&eacute;es !&nbsp;</p>', NULL, 'infos-pratiques-1', 9, NULL),
(9, 10, '2015-12-08 15:36:39', 'côté administratif', '<p>C&ocirc;t&eacute; Administratif&nbsp;</p>\r\n\r\n<p>&nbsp;</p>\r\n\r\n<p><span style="color:rgb(83, 144, 235); font-family:zurich cn bt,sans-serif; font-size:16px">Passeport</span></p>\r\n\r\n<p>Pour le Vietnam comme pour la Thailande, il est imp&eacute;ratif de poss&eacute;der un passeport en cours de validit&eacute; jusqu&rsquo;&agrave; 6 mois apr&egrave;s la date de retour. En ce qui nous concerne tout va bien puisque les n&ocirc;tres sont respectivement valables jusqu&rsquo;en 2018 et 2020.</p>\r\n\r\n<p>&nbsp;</p>\r\n\r\n<p><span style="color:rgb(83, 144, 235); font-family:zurich cn bt,sans-serif; font-size:16px">Visas</span></p>\r\n\r\n<p>Au 3 nov. 12, un s&eacute;jour de moins de 30 jours en Tha&iuml;lande est exempt&eacute; de visas pour les ressortissants fran&ccedil;ais (<a href="http://www.diplomatie.gouv.fr/" style="margin: 0px; padding: 0px; list-style: none; text-decoration: none;" target="_blank">www.diplomatie.gouv.fr</a>).</p>\r\n\r\n<p>Pour le Vietnam, un visa touristique reste n&eacute;anmoins n&eacute;cessaire. Vous pouvez faire la demande aupr&eacute;s de l&rsquo;ambassade &agrave; Paris ou bien suivre les conseils du site Good Morning Vietnam et demander une lettre d&rsquo;invitation sur le site<a href="http://goodmorningvietnam.fr/blog/obtenir-son-visa-pour-le-vietnam-a-larrivee/" style="margin: 0px; padding: 0px; list-style: none; text-decoration: none;" target="_blank" title="GoodMorningVietnam">Myvietnamvisa</a>, pour obtenir votre visa directement sur place, pour beaucoup moins cher ! A vous de voir.&nbsp; En ce qui nous concerne, notre contact &agrave; l&rsquo;agence r&eacute;ceptive d&rsquo;Hanoi nous a procur&eacute; cette lettre d&rsquo;invitation ; il ne nous restera donc qu&rsquo;&agrave; r&eacute;cup&eacute;rer notre visa &agrave; l&rsquo;a&eacute;roport &agrave; l&rsquo;arriv&eacute;e.</p>\r\n\r\n<p>&nbsp;</p>\r\n\r\n<p><span style="color:rgb(83, 144, 235); font-family:zurich cn bt,sans-serif; font-size:16px">Argent</span></p>\r\n\r\n<p>Au Vietnam la monnaie courante est le Dong tandis qu&rsquo;en Thailande, c&rsquo;est le Bath. A ce jour, les taux de change sont assez avantageux (nous serons peut-&ecirc;tre m&ecirc;me millionnaires au Vietnam !) : 1 &euro; = 39,56 Baths et 1 &euro; = 26 688,91 Dongs (<a href="http://www.xe.com/" style="margin: 0px; padding: 0px; list-style: none; text-decoration: none;" target="_blank">www.xe.com</a>&nbsp;fournit les taux du monde entier)</p>\r\n\r\n<p>&nbsp;</p>\r\n\r\n<p><span style="color:rgb(83, 144, 235); font-family:zurich cn bt,sans-serif; font-size:16px">Banque</span></p>\r\n\r\n<p>Nous prendrons peut-&ecirc;tre quelques dollars (notamment pour payer nos visas) en France, avant le d&eacute;part. Cependant, notre petit c&ocirc;t&eacute; anti-am&eacute;ricain/anti-gringo nous pousse &agrave; utiliser au maximum la monnaie locale en retirant des esp&egrave;ces directement sur place. Nous paierons probablement les s&eacute;jours &agrave; l&rsquo;h&ocirc;tel en carte bancaire. Bien s&ucirc;r, les banques se feront un plaisir de prendre leur commission aussi bien en paiement CB qu&rsquo;aux retraits, il nous faudra donc &eacute;valuer les besoins en liquide correctement et effectuer de gros retraits.</p>\r\n\r\n<p>&nbsp;</p>\r\n\r\n<p><em>LCL facture 3&euro; pour chaque retrait &agrave; l&#39;&eacute;tranger (hors UE) + une commission de 2,7% sur la somme retir&eacute;e (minimum 65cts). Et les paiements par carte sont &eacute;galement commissionn&eacute;s &agrave; 2,7% (minimum 65cts).</em></p>\r\n\r\n<p>&nbsp;</p>\r\n\r\n<p><em>Avec la carte Premier, la Soci&eacute;t&eacute; G&eacute;n&eacute;rale facture 3&euro; + 2,7% de commission &agrave; chaque retrait et 1&euro; + 2,7% de la facture sur les paiements par carte.</em></p>\r\n\r\n<p>&nbsp;</p>\r\n\r\n<p>En ce qui concerne toutes nos charges mensuelles, elles sont automatis&eacute;es par virement. Donc ce ne sera pas un probl&egrave;me pour nous (et un de moins !).</p>\r\n\r\n<p>&nbsp;</p>\r\n\r\n<p>Assurances</p>\r\n\r\n<p>En ce qui me concerne, la s&eacute;curit&eacute; sociale &eacute;tudiante ne me couvrira plus, je vais donc devoir m&rsquo;inscrire en tant que demandeur d&rsquo;emploi et v&eacute;rifier que je suis bien couverte. Je pense que ma banque, via ma CB, m&rsquo;offre une assurance voyage et rapatriement (&agrave; v&eacute;rifier). Enfin, contrairement &agrave; Laurent, je ne suis pas couverte pour la pratique de la plong&eacute;e&hellip; Il est peut-&ecirc;tre temps pour moi de souscrire &agrave; une&nbsp;<a href="http://www.daneurope.org%20/" style="margin: 0px; padding: 0px; list-style: none; text-decoration: none;" target="_blank">assurance DAN</a>. Je ferai enfin partie du cercle ferm&eacute; des vrais plongeurs !</p>\r\n\r\n<p>&nbsp;</p>\r\n\r\n<p>Ariane</p>\r\n\r\n<p>Le&nbsp;<a href="https://pastel.diplomatie.gouv.fr/fildariane/flux/protected/frameset/index.html%20" style="margin: 0px; padding: 0px; list-style: none; text-decoration: none;" target="_blank">portail Ariane&nbsp;</a>de l&rsquo;ambassade de France permet aux voyageurs de renseigner leurs informations de voyage afin d&rsquo;&ecirc;tre &laquo; pris en compte &raquo; en cas de besoin. A l&rsquo;occasion, j&rsquo;y jetterai un coup d&rsquo;&oelig;il et proc&eacute;derai peut-&ecirc;tre &agrave; notre inscription&hellip; L&rsquo;exc&egrave;s de prudence ne peut pas faire de mal</p>', NULL, 'cote-administratif', 14, NULL),
(10, 10, '2015-12-08 15:38:19', 'côté pratique', '<p>C&ocirc;t&eacute; Pratique</p>\r\n\r\n<p>&nbsp;</p>\r\n\r\n<p>Electricit&eacute;</p>\r\n\r\n<p>Pour le Vietnam comme pour la Tha&iuml;lande, le courant est du 220 V et il est conseill&eacute; de pr&eacute;voir un adaptateur. &Ccedil;a tombe bien, gr&acirc;ce aux points cumul&eacute;s avec sa banque, Laurent a justement gagn&eacute; un kit d&rsquo;adaptateurs&hellip; Comme par &laquo; hazard &raquo; !</p>\r\n\r\n<p>&nbsp;</p>\r\n\r\n<p><span style="color:rgb(83, 144, 235); font-family:zurich cn bt,sans-serif; font-size:16px">Communication &ndash; T&eacute;l&eacute;phone</span></p>\r\n\r\n<p>Nous avons tous les deux des t&eacute;l&eacute;phones d&eacute;bloqu&eacute;s, ce qui nous permettra d&rsquo;acheter dans chaque pays une nouvelle carte Sim chacun, afin de rester joignable l&rsquo;un pour l&rsquo;autre (on sait jamais, si je me fais semer dans le centre commercial de Bangkok !!!). G&eacute;n&eacute;ralement, ces cartes pr&eacute;pay&eacute;es offrent aussi des tarifs tr&egrave;s int&eacute;ressants pour t&eacute;l&eacute;phoner &agrave; l&rsquo;&eacute;tranger (mais on verra tout &ccedil;a sur place).</p>\r\n\r\n<p>&nbsp;</p>\r\n\r\n<p>Internet : Ce sera notre moyen privil&eacute;gi&eacute; pour communiquer avec nos proches durant le voyage. Aussi bien avec Skype, Facebook et Twitter que par e-mail et bien s&ucirc;r via notre carnet de voyage en ligne ! Je me connecterai via mon Smartphone aux r&eacute;seaux Wifi des h&ocirc;tels et de temps en temps nous ferons une escale prolong&eacute;e dans un cybercaf&eacute;.</p>\r\n\r\n<p>&nbsp;</p>\r\n\r\n<p>Sant&eacute;</p>\r\n\r\n<p>Vaccins, m&eacute;dicaments et trousse &agrave; pharmacie sont &agrave; pr&eacute;voir pour contrer les &eacute;ventuels petits bobos qui pourraient noircir le voyage. Nous prendrons &eacute;galement une petite boite &agrave; outils pour r&eacute;parer d&rsquo;&eacute;ventuels d&eacute;g&acirc;ts sur le fauteuil roulant !</p>', NULL, 'cote-pratique', 15, NULL),
(11, 10, '2015-12-08 15:38:40', 'Côté Plaisir', '<p>C&ocirc;t&eacute; Plaisir</p>\r\n\r\n<p>&nbsp;</p>\r\n\r\n<p><span style="color:rgb(83, 144, 235); font-family:zurich cn bt,sans-serif; font-size:16px">Plong&eacute;e</span>&nbsp;</p>\r\n\r\n<p>Pour plonger, comme partout, il vaut mieux se munir d&rsquo;un certificat d&rsquo;aptitude en anglais (il y a des formulaires mod&egrave;les sur le site PADI) ainsi que de sa carte, si l&rsquo;on est certifi&eacute; ! Nous prendrons donc avec nous nos cartes Padi OWD (Open Water Diver).&nbsp;<a href="http://www.padi.com/" style="margin: 0px; padding: 0px; list-style: none; text-decoration: none;">www.padi.com</a></p>\r\n\r\n<p>Si vous emportez votre mat&eacute;riel, sachez qu&rsquo;il y a des franchises bagages d&eacute;di&eacute;es aux sports &agrave; des tarifs relativement int&eacute;ressants. En ce qui me concerne, je pr&eacute;f&egrave;re ramener pleins de souvenirs et louer le mat&eacute;riel dans les centres locaux. Pour Laurent, qui est accro, c&rsquo;est un peu diff&eacute;rent. Il prend toute la place dans la valise avec ses accessoires, son gilet et notre merveilleux caisson pour la photo. Il faudra aussi penser aux carnets de plong&eacute;e et aux ordinateurs perso.</p>\r\n\r\n<p>&nbsp;</p>\r\n\r\n<p><span style="color:rgb(83, 144, 235); font-family:zurich cn bt,sans-serif; font-size:16px">GoPro</span></p>\r\n\r\n<p>Laurent est tomb&eacute; sous le charme. Il a craqu&eacute;. Il avait command&eacute; sa Gopro 2 lorsque la Hero 3 est sortie ! Retour &agrave; l&rsquo;exp&eacute;diteur&hellip; Il attendra quelques semaines de plus pour s&rsquo;offrir le dernier mod&egrave;le et succomber &agrave; la fi&egrave;vre Gopro. Il vous vantera donc tous ses m&eacute;rites lui-m&ecirc;me.</p>\r\n\r\n<p>&nbsp;</p>\r\n\r\n<p><span style="color:rgb(83, 144, 235); font-family:zurich cn bt,sans-serif; font-size:16px">Multim&eacute;dia</span></p>\r\n\r\n<p>Sur ce point &eacute;galement, le responsable c&rsquo;est Laurent m&ecirc;me si en photo c&rsquo;est moi l&rsquo;experte ! Du moins, je maitrise la nettet&eacute; moi &hellip;</p>\r\n\r\n<p>Il est donc en charge de tout l&rsquo;&eacute;quipement technique, adaptateur, chargeur, disque dur : l&rsquo;attirail de l&rsquo;homme moderne, connect&eacute;, &eacute;quip&eacute; !</p>\r\n\r\n<p>&nbsp;</p>\r\n\r\n<p>Ce voyage sera l&rsquo;occasion pour nous d&rsquo;&eacute;largir notre collection de photos sous-marines, de vid&eacute;os et photoreportages avec deux objectifs : capturer des instants exceptionnels (l&agrave; on pense tous &agrave; la pub NIKON) et t&eacute;moigner de l&rsquo;accessibilit&eacute;, du d&eacute;passement de soi pour illustrer notre leitmotiv&rsquo; &laquo; We will go anyway ! &raquo;. Quelle que soit la route, quoiqu&rsquo;il advienne, envers et contre tout, nous pouvons avancer, nous pouvons tous voyager.</p>\r\n\r\n<p>&nbsp;</p>\r\n\r\n<p>Notre &eacute;quipement multim&eacute;dia se compose donc de :</p>\r\n\r\n<p>- Un excellent r&eacute;flex num&eacute;rique NIKON D5100 qui fait &eacute;galement des vid&eacute;os HD</p>\r\n\r\n<p>- Quelques filtres polarisants et rouge (pour la plong&eacute;e)</p>\r\n\r\n<p>- Un caisson de plong&eacute;e adapt&eacute;</p>\r\n\r\n<p>- Une cam&eacute;ra GoPro Hero 3 Black Edition</p>\r\n\r\n<p>- Une photo Bank de 240 Go permettant de transf&eacute;rer directement les videos et photos depuis les cartes SD</p>\r\n\r\n<p>- Un adaptateur microSD</p>\r\n\r\n<p>- Un Smartphone</p>\r\n\r\n<p>- Les chargeurs et l&rsquo;adaptateur secteur</p>\r\n\r\n<p>&nbsp;</p>\r\n\r\n<p>&nbsp;Il nous manque plus qu&rsquo;une tablette tactile et on est par&eacute;s ! Mais comme ce n&rsquo;est pas indispensable, on va attendre de voir les prix en zone Duty Free en Asie&hellip; On fera peut-&ecirc;tre une folie !</p>\r\n\r\n<p>&nbsp;</p>\r\n\r\n<p><span style="color:rgb(83, 144, 235); font-family:zurich cn bt,sans-serif; font-size:16px">Site Web</span></p>\r\n\r\n<p>L&agrave; aussi, c&rsquo;est le domaine de Laurent, d&eacute;veloppeur web et geek affirm&eacute; ! Il g&egrave;re toute la partie technique&hellip; Si &ccedil;a ne fonctionne pas, c&rsquo;est &agrave; lui qu&rsquo;il faudra s&rsquo;en prendre ! Vous pouvez adresser toutes vos r&eacute;clamations &agrave;&nbsp;<a href="mailto:marine@llovem.eu" style="margin: 0px; padding: 0px; list-style: none; text-decoration: none;" target="_blank">marine@llovem.eu</a>&nbsp;ou nous laisser un message sur Tweeter&nbsp;! Comme ce carnet de voyage en ligne fait partie int&eacute;grante de notre projet, il nous faudra le fa&ccedil;onner, l&rsquo;am&eacute;liorer et l&rsquo;enrichir avec assiduit&eacute;.</p>\r\n\r\n<p>&nbsp;</p>', NULL, 'cote-plaisir', 16, NULL),
(12, 10, '2015-12-08 15:39:14', 'Réservations', '<div id="page" style="margin: 0px; padding: 5px 5px 10px; list-style: none; width: 668px; float: left; color: rgb(0, 0, 0); font-family: ''Times New Roman''; font-size: medium; line-height: normal;">\r\n<p>R&eacute;servations</p>\r\n\r\n<p>&nbsp;</p>\r\n\r\n<p>Ayant travaill&eacute; dans le milieu du tourisme, j&rsquo;ai conscience de l&rsquo;importance que peuvent constituer les commissions d&rsquo;interm&eacute;diaires dans un budget (Vous n&rsquo;avez pas id&eacute;e&hellip;). Si vous souhaitez entreprendre un tel voyage mais que vous manquez de temps ou que vous ne voyez pas du tout par o&ugrave; commencer et que vous avez un large budget, vous pouvez faire appel &agrave; une agence de voyage. Si vous avez du temps, de la patience, un certain sens de l&rsquo;organisation et un budget serr&eacute;, internet sera votre meilleur compagnon !</p>\r\n\r\n<p>&nbsp;</p>\r\n\r\n<p>LES VOLS</p>\r\n\r\n<p><a href="http://www.govoyages.com%20/" style="margin: 0px; padding: 0px; list-style: none; text-decoration: none;" target="_blank">Govoyages&nbsp;</a>est un excellent comparateur de vols et particuli&egrave;rement adapt&eacute; aux vols multi-destinations, que n&eacute;cessitent des voyages comme celui-ci.</p>\r\n\r\n<p>&nbsp;</p>\r\n\r\n<p>Nos principaux vols internationaux se feront sur la merveilleuse (on esp&egrave;re !) compagnie&nbsp;<a href="http://www.cathaypacific.com%20/" style="margin: 0px; padding: 0px; list-style: none; text-decoration: none;" target="_blank">Cathay Pacific</a>&nbsp;(en tout cas, ils ont l&rsquo;air d&rsquo;avoir du style :D) en code share avec Air France sur le pr&eacute; acheminement depuis/vers Bordeaux et avec Dragon Air en Asie.</p>\r\n\r\n<p>&nbsp;</p>\r\n\r\n<p>Pour les vols inter-Asie, nous avons opt&eacute; pour des r&eacute;servations directement sur les sites internet des compagnies. Les diff&eacute;rents guides de voyages vous renseigneront facilement sur les compagnies op&eacute;rant sur votre destination.</p>\r\n\r\n<p>&nbsp;</p>\r\n\r\n<p>En ce qui nous concerne, au Vietnam ce sera&nbsp;<a href="http://www.vietnamairlines.com/" style="margin: 0px; padding: 0px; list-style: none; text-decoration: none;" target="_blank">Vietnam Airlines&nbsp;</a>(classique ! Mais elle d&eacute;tient quasiment un monopole sur son territoire&hellip; et offre une bonne s&eacute;curit&eacute;).</p>\r\n\r\n<p>&nbsp;</p>\r\n\r\n<p>Entre Ho-Chi-Minh-ville (SGN) et Bangkok (BKK) figurez-vous que nous voyagerons sur&nbsp;<a href="http://www.turkishairlines.com%20/" style="margin: 0px; padding: 0px; list-style: none; text-decoration: none;" target="_blank">Turkish Airlines</a>&nbsp;! Qui l&rsquo;eut cru ! Un vol r&eacute;gulier entre ces deux villes op&eacute;r&eacute; par la compagnie nationale turque. Mes coll&egrave;gues de l&rsquo;agence de voyage se sont bien marr&eacute;s quand j&rsquo;ai d&eacute;couvert cette &eacute;tonnante quoique tr&egrave;s &eacute;conomique alternative ! Et je vous rassure, on ne passera pas par Istanbul : c&rsquo;est bien un vol direct... Fantastique !</p>\r\n\r\n<p>&nbsp;</p>\r\n\r\n<p>Enfin,&nbsp;<a href="http://www.bangkokair.com%20/" style="margin: 0px; padding: 0px; list-style: none; text-decoration: none;" target="_blank">Bangkok Airways</a>&nbsp;nous offre la meilleure option pour rejoindre Khao Lak (via l&rsquo;a&eacute;roport de Phuket) depuis Bangkok.</p>\r\n\r\n<p>&nbsp;</p>\r\n\r\n<p><span style="color:rgb(83, 144, 235); font-family:zurich cn bt,sans-serif; font-size:16px">ASSISTANCE PMR A L&rsquo;AEROPORT</span></p>\r\n\r\n<p>&nbsp;</p>\r\n\r\n<p>Il a fallu de la patience pour obtenir les informations concernant le transport des personnes &agrave; mobilit&eacute; r&eacute;duite et j&rsquo;ai l&rsquo;honneur de vous confirmer (enfin normalement !) que ces compagnies proposent toutes un service d&rsquo;assistance. Il faut contacter chacune d&rsquo;entre elle et communiquer toutes les informations sur vos vols &agrave; la suite de votre r&eacute;servation, afin de r&eacute;server le service d&rsquo;assistance et les informer de la pr&eacute;sence d&rsquo;une personne en fauteuil roulant.</p>\r\n\r\n<p>Pour infos, en ce qui nous concerne, Laurent demande une assistance WCHS car il peut se d&eacute;placer seul dans l&rsquo;avion. Il y a plusieurs types d&rsquo;assistances qui correspondent &agrave; chaque passager &agrave; mobilit&eacute; r&eacute;duite. Le plus simple est de joindre la compagnie a&eacute;rienne et de voir directement avec les agents en fonction de vos besoins. Cette &eacute;tape est souvent longue, fastidieuse et il arrive r&eacute;guli&egrave;rement que m&ecirc;me apr&egrave;s avoir fait toutes les d&eacute;marches n&eacute;cessaires, les services concern&eacute;s ne soient pas avertis&hellip; ! Et ceci, quelle que soit la compagnie !</p>\r\n\r\n<p>Donc si vous avez du temps et de l&rsquo;&eacute;nergie, n&rsquo;h&eacute;sitez pas &agrave; renvoyer un petit message &agrave; chaque compagnie une semaine avant le d&eacute;part afin de faire une piqure de rappel. On ne sait jamais, &ccedil;a suffira peut-&ecirc;tre&hellip; ou pas ! ?</p>\r\n\r\n<p>&nbsp;</p>\r\n\r\n<p><u>Les contacts&nbsp;</u>:</p>\r\n\r\n<p>&nbsp;</p>\r\n\r\n<p>VIETNAM AIRLINES FRANCE</p>\r\n\r\n<p>Service de R&eacute;servation</p>\r\n\r\n<p><a href="mailto:resa.fr@vietnamairlines.com" style="margin: 0px; padding: 0px; list-style: none; text-decoration: none;">resa.fr@vietnamairlines.com</a></p>\r\n\r\n<p>51-53, avenue des Champs-Elys&eacute;es</p>\r\n\r\n<p>75008 Paris</p>\r\n\r\n<p>Tel : +33 1 44 55 39 90</p>\r\n\r\n<p>Fax : +33 1 44 55 39 99</p>\r\n\r\n<p>&nbsp;</p>\r\n\r\n<p>BANGKOK AIRWAYS CO., LTD</p>\r\n\r\n<p>Reservation Center</p>\r\n\r\n<p><a href="mailto:reservation@bangkokair.com" style="margin: 0px; padding: 0px; list-style: none; text-decoration: none;">reservation@bangkokair.com</a></p>\r\n\r\n<p>99 Mu 14, Vibhavadirangsit Rd., Chom Phon,</p>\r\n\r\n<p>Chatuchak, Bangkok, 10900, Thailand&nbsp;</p>\r\n\r\n<p>Tel.: 66 (2) 270 6699 or Local Contact: 1771</p>\r\n\r\n<p>Fax: 66 (2) 265 5556</p>\r\n\r\n<p>&nbsp;</p>\r\n\r\n<p><span style="color:rgb(83, 144, 235); font-family:zurich cn bt,sans-serif; font-size:16px">LES HOTELS</span></p>\r\n\r\n<p>&nbsp;</p>\r\n\r\n<p>Si je devais citer une seule centrale de r&eacute;servation, je choisirai&nbsp;<a href="http://www.booking.com%20/" style="margin: 0px; padding: 0px; list-style: none; text-decoration: none;" target="_blank">booking.com</a>. Pour moi, c&rsquo;est la r&eacute;f&eacute;rence lorsque vous souhaitez r&eacute;server un h&ocirc;tel aussi bien en France qu&rsquo;&agrave; l&rsquo;&eacute;tranger. Le gros avantage de ce site c&rsquo;est que vous n&rsquo;avez pas besoin de payer &agrave; l&rsquo;avance. Vous r&eacute;glez votre s&eacute;jour directement aupr&egrave;s de l&rsquo;h&ocirc;tel. En outre, de nombreux tarifs sont avec annulation gratuite (test&eacute; et approuv&eacute; des dizaines de fois avec la plus grande simplicit&eacute; !)</p>\r\n\r\n<p>&nbsp;</p>\r\n\r\n<p>Ainsi j&rsquo;aurais fait toutes mes r&eacute;servations d&rsquo;h&ocirc;tels avec booking, si je n&rsquo;avais pas rencontr&eacute; Minh, qui travaille &agrave; l&rsquo;agence r&eacute;ceptive d&rsquo;Hanoi Fantasea Travel (vous trouverez le contact dans la rubrique&nbsp;<a href="http://carnet-de-voyage.llovem.eu/hanoi/infos-pratiques.html" style="margin: 0px; padding: 0px; list-style: none; text-decoration: none;">Infos Pratiques d&rsquo;Hanoi</a>). A Hanoi et &agrave; Nha Trang, Minh nous a r&eacute;serv&eacute; les h&ocirc;tels pour nous, en fonction de nos crit&egrave;res &agrave; un prix tr&egrave;s int&eacute;ressant. J&rsquo;ai utilis&eacute; Booking.com pour nos h&ocirc;tels &agrave; H&ocirc;-Chi-Minh-ville et Bangkok. Pour Khao Lak, les informations r&eacute;duites sur l&rsquo;accessibilit&eacute; et notre budget nous ont conduit &agrave; contacter les h&ocirc;tels directement et finalement nous avons trouv&eacute; notre bonheur ainsi !</p>\r\n\r\n<div>&nbsp;</div>\r\n</div>', NULL, 'reservations', 17, NULL);
INSERT INTO `carnet2voyage__page` (`id`, `lieu_id`, `created`, `titre`, `contenu`, `image`, `slug`, `ordre`, `carnet`) VALUES
(13, 10, '2015-12-08 15:39:40', 'Que met-on dans la valise ?', '<p><span style="color:rgb(83, 144, 235); font-family:zurich bt,sans-serif; font-size:20px">Que met-on dans la valise ?</span></p>\r\n\r\n<p>&nbsp;</p>\r\n\r\n<p>Pffiou la liste est longue et pour &ecirc;tre sur de ne rien oublier, au fur et &agrave; mesure que l&#39;on pensera &agrave; quelque chose, on compl&eacute;tera cet article.</p>\r\n\r\n<p>&nbsp;</p>\r\n\r\n<p>- tous le matos photo/vid&eacute;o</p>\r\n\r\n<p>- les chargeurs/adaptateurs/batterie/piles...</p>\r\n\r\n<p>- le mat&eacute;riel de plong&eacute;e (carnets et ordinateurs &eacute;galement)</p>\r\n\r\n<p>- les adresses postales de nos correspondants (pro &amp; friends)</p>\r\n\r\n<p>- la trousse de toilette</p>\r\n\r\n<p>- la trousse &agrave; pharmacie (avec les m&eacute;dicaments contre le mal de mer pour Laurent... le marin d&#39;eau douce!)</p>\r\n\r\n<p>- une mini trousse &agrave; outils (en cas de crevaison)</p>\r\n\r\n<p>- des stylos/cadeaux &agrave; distribuer sur place, et des cartes de visites</p>\r\n\r\n<p>&nbsp;</p>\r\n\r\n<p>- Des v&ecirc;tements</p>\r\n\r\n<p>- les maillots/ par&eacute;o/ serviette de plage</p>\r\n\r\n<p>- un polaire (oui oui ! pour la croisi&egrave;re, on ne sait jamais? Bon alors une marini&egrave;re)</p>\r\n\r\n<p>- une bonne paire de chaussure!</p>\r\n\r\n<p>&nbsp;</p>\r\n\r\n<p>- nos guides touristiques</p>\r\n\r\n<p>- des revues (plong&eacute;e Magazine) et un bon bouquin</p>\r\n\r\n<p>&nbsp;</p>\r\n\r\n<p>&nbsp;</p>\r\n\r\n<p>Et dans quelle valise ?</p>\r\n\r\n<p>Nous avons d&eacute;cid&eacute; de prendre ma grande valise rigide Samsonite &agrave; code. Celle qui nous a accompagn&eacute; &agrave; chaque voyage depuis que je suis majeure ...</p>\r\n\r\n<p>Nous partirons l&eacute;ger pour revenir charg&eacute;s &agrave; bloc, et munis d&#39;une nouvelle valise achet&eacute;e sur place !</p>\r\n\r\n<p>&nbsp;</p>\r\n\r\n<p>Ayant droit &agrave; un sac de cabine chacun, l&#39;un prendra un sac avec le mat&eacute;riel technique et fragile, l&#39;autre prendra un sac en tissus pour y mettre les &quot;affaires de premi&egrave;re n&eacute;cessit&eacute;&quot;.</p>', NULL, 'que-met-on-dans-la-valise', 18, NULL),
(14, 10, '2015-12-08 15:40:27', 'The TO DO List!', '<p>The TO DO List!</p>\r\n\r\n<p>&nbsp;</p>\r\n\r\n<p>Quelques unes des choses &agrave; faire avant le d&eacute;part !</p>\r\n\r\n<p>J-42... Il est bient&ocirc;t temps de s&#39;y mettre!</p>\r\n\r\n<p>&nbsp;</p>\r\n\r\n<p>- Acheter quelques dollars (pour payer nos visas)</p>\r\n\r\n<p>- V&eacute;rifier les frais de paiement/retrait par nos banques respectives (juste pour infos!) - check ! le 04/12...</p>\r\n\r\n<p>- Souscrire &agrave; l&#39;assurance DAN (je prendrai la gamme SILVER tant qu&#39;&agrave; &ecirc;tre assur&eacute;, autant l&#39;&ecirc;tre bien!) - Check ! le 18/12 !</p>\r\n\r\n<p>- Pr&eacute;parer les documents (de voyages et de visas) et les passeports - check le 04/01</p>\r\n\r\n<p>- (Re)Configurer les comptes Flickr et Twitter sur mon t&eacute;l&eacute;phone capricieux !!! - check le 03/01 !</p>\r\n\r\n<p>- S&#39;inscrire au portail Ariane (Enfin... Si j&#39;ai le temps)</p>\r\n\r\n<p>- Pr&eacute;parer le s&eacute;jour du Minoutaur chez mon fr&egrave;re ...</p>\r\n\r\n<p>- Faire la trousse &agrave; pharmacie</p>\r\n\r\n<p>- Faire les vaccins (il y a justement une p&eacute;nurie. Ca tombe mal... Esp&eacute;rons que nous les aurons d&#39;ici 2 semaines) - Check le 28/12</p>\r\n\r\n<p>- Recontacter les prestataires !&nbsp;</p>\r\n\r\n<p>- Photos d&#39;identit&eacute; pour les visas - check le 22/12</p>\r\n\r\n<p>- r&eacute;server le transfert A&eacute;roport / Hanoi - check le 03/01</p>\r\n\r\n<p>- Scanner nos documents d&#39;identit&eacute; / passeports / carte vitale et les envoyer par mail - check le 27/12</p>', NULL, 'the-to-do-list', 19, NULL),
(15, 11, '2015-12-10 12:51:53', 'v', NULL, NULL, 'v', NULL, NULL),
(16, 11, '2015-12-10 12:53:19', 'xx', NULL, NULL, 'xx', NULL, NULL),
(17, 17, '2015-12-16 11:35:30', 'b', NULL, NULL, 'b', NULL, NULL),
(18, 16, '2015-12-16 12:45:50', 'b', NULL, NULL, 'b-1', NULL, 0),
(19, 8, '2015-12-16 12:51:41', 'd', NULL, NULL, 'd', NULL, 0),
(20, 17, '2015-12-16 12:52:41', 'fffffffffffffffffffff', NULL, NULL, 'fffffffffffffffffffff', NULL, 0);

--
-- Contraintes pour les tables exportées
--

--
-- Contraintes pour la table `carnet2voyage__lieux`
--
ALTER TABLE `carnet2voyage__lieux`
  ADD CONSTRAINT `FK_635C6E4FFA207516` FOREIGN KEY (`carnet_id`) REFERENCES `carnet2voyage__carnets` (`id`);

--
-- Contraintes pour la table `carnet2voyage__page`
--
ALTER TABLE `carnet2voyage__page`
  ADD CONSTRAINT `FK_CE0782046AB213CC` FOREIGN KEY (`lieu_id`) REFERENCES `carnet2voyage__lieux` (`id`);

/*!40101 SET CHARACTER_SET_CLIENT=@OLD_CHARACTER_SET_CLIENT */;
/*!40101 SET CHARACTER_SET_RESULTS=@OLD_CHARACTER_SET_RESULTS */;
/*!40101 SET COLLATION_CONNECTION=@OLD_COLLATION_CONNECTION */;
